listing_id,term
141,analysis
141,communication
141,computerscience
141,softwareengineering
141,statistics
142,analysis
142,communication
142,computerscience
142,excel
142,javascript
142,projectmanagement
142,python
142,rrrr
142,sql
142,statistics
142,visualization
143,linux
143,visualization
144,analysis
144,communication
144,excel
144,machinelearning
144,python
144,rrrr
144,sas
144,sql
144,statistics
144,tableau
144,visualization
145,communication
145,excel
146,analysis
146,communication
146,computerscience
146,machinelearning
146,matlab
146,nosql
146,python
146,rrrr
146,sas
146,sql
146,statistics
146,visualization
147,analysis
147,communication
147,sql
147,statistics
148,machinelearning
148,sql
149,analysis
149,aws
149,computerscience
149,excel
149,sql
149,statistics
150,analysis
150,communication
150,excel
150,machinelearning
150,python
150,rrrr
150,sas
150,sql
150,statistics
150,tableau
150,visualization
52,analysis
52,computerscience
52,deeplearning
52,git
52,machinelearning
52,numpy
52,pandas
52,python
52,scikitlearn
52,softwaredevelopment
52,sql
52,statistics
151,analysis
151,computerscience
151,machinelearning
151,mathematics
151,python
151,spark
151,sql
151,tableau
151,visualization
152,analysis
152,computerscience
152,tableau
153,aws
153,git
153,hadoop
153,machinelearning
153,python
153,softwaredevelopment
154,deeplearning
154,machinelearning
154,softwaredevelopment
155,analysis
155,computerscience
155,cplusplus
155,excel
155,java
155,machinelearning
155,python
155,rrrr
155,sas
155,spss
155,sql
155,statistics
155,tableau
156,analysis
156,deeplearning
156,machinelearning
156,mathematics
156,matlab
156,numpy
156,python
156,rrrr
156,scikitlearn
156,sql
156,statistics
156,visualization
157,analysis
157,communication
157,sql
157,statistics
158,analysis
158,communication
158,python
158,tableau
158,visualization
159,analysis
159,mathematics
159,sas
159,statistics
160,aws
160,computerscience
160,deeplearning
160,machinelearning
160,mathematics
160,python
160,rrrr
160,sas
160,statistics
53,analysis
53,aws
53,azure
53,communication
53,computerscience
53,dataengineering
53,deeplearning
53,hadoop
53,java
53,linux
53,machinelearning
53,python
53,rrrr
53,sas
53,softwaredevelopment
53,softwareengineering
53,spark
53,sql
53,statistics
53,tableau
53,visualization
161,analysis
161,cassandra
161,communication
161,computerscience
161,hbase
161,hive
161,machinelearning
161,matlab
161,mongodb
161,nosql
161,numpy
161,sql
161,statistics
161,visualization
162,projectmanagement
162,tableau
162,visualization
164,communication
164,machinelearning
164,python
164,statistics
165,analysis
165,communication
165,computerscience
165,dataengineering
165,docker
165,git
165,hadoop
165,machinelearning
165,python
165,pytorch
165,scikitlearn
165,spark
165,statistics
165,tensorflow
166,analysis
166,computerscience
166,dataengineering
166,hadoop
166,hbase
166,hive
166,machinelearning
166,python
166,rrrr
166,scala
166,spark
166,sql
166,statistics
168,analysis
168,aws
168,computerscience
168,dataengineering
168,hadoop
168,hbase
168,hive
168,java
168,machinelearning
168,mongodb
168,neuralnetworks
168,pig
168,python
168,rrrr
168,scala
168,spark
168,sql
168,tableau
168,visualization
169,analysis
169,sql
169,tableau
169,visualization
170,analysis
170,aws
170,communication
170,computerscience
170,excel
170,hadoop
170,mathematics
170,nlp
170,python
170,rrrr
170,sas
170,spark
170,sql
170,statistics
170,tableau
54,analysis
54,computerscience
54,machinelearning
54,mathematics
54,python
54,rrrr
54,sas
54,statistics
54,tableau
54,visualization
171,analysis
171,excel
171,python
171,rrrr
171,tableau
172,communication
172,computerscience
172,deeplearning
172,docker
172,java
172,keras
172,machinelearning
172,mathematics
172,python
172,pytorch
172,scala
172,spark
172,statistics
172,tensorflow
173,aws
173,git
173,javascript
173,python
173,sql
174,analysis
174,sas
174,statistics
175,analysis
175,communication
175,computerscience
175,cplusplus
175,deeplearning
175,machinelearning
175,python
175,softwaredevelopment
176,aws
176,azure
176,communication
176,computerscience
176,dataengineering
176,deeplearning
176,machinelearning
176,mathematics
176,python
176,scikitlearn
176,softwaredevelopment
176,softwareengineering
176,sql
176,tensorflow
177,aws
177,computerscience
177,deeplearning
177,machinelearning
177,mathematics
177,python
177,rrrr
177,sas
177,statistics
179,deeplearning
179,hadoop
179,hive
179,mysql
179,pandas
179,python
179,rrrr
179,sas
179,scikitlearn
179,spark
179,sql
179,statistics
179,tableau
179,tensorflow
179,visualization
180,aws
180,communication
180,machinelearning
180,python
180,sql
55,analysis
55,aws
55,azure
55,sas
55,scala
55,spark
55,visualization
181,analysis
181,communication
181,computerscience
181,excel
181,mathematics
181,python
181,rrrr
181,sas
181,statistics
182,communication
182,excel
182,softwaredevelopment
183,analysis
183,aws
183,azure
183,computerscience
183,deeplearning
183,hadoop
183,machinelearning
183,projectmanagement
183,python
183,rrrr
183,softwaredevelopment
183,spark
184,analysis
184,communication
184,visualization
185,analysis
185,communication
185,computerscience
185,hadoop
185,python
185,rrrr
186,analysis
186,computerscience
186,cplusplus
186,git
186,keras
186,linux
186,machinelearning
186,matlab
186,numpy
186,pandas
186,perl
186,python
186,pytorch
186,scikitlearn
186,tensorflow
187,analysis
187,azure
187,communication
187,computerscience
187,sql
188,computerscience
188,deeplearning
188,machinelearning
188,mathematics
189,analysis
189,docker
189,machinelearning
189,python
189,softwaredevelopment
190,analysis
190,communication
190,computerscience
190,cplusplus
190,java
190,machinelearning
190,mathematics
190,python
190,statistics
56,analysis
56,communication
56,computerscience
56,deeplearning
56,machinelearning
56,python
56,pytorch
56,tensorflow
191,analysis
191,communication
191,excel
191,machinelearning
192,analysis
192,computerscience
192,dataengineering
192,hadoop
192,hbase
192,hive
192,machinelearning
192,python
192,rrrr
192,scala
192,spark
192,sql
192,statistics
57,analysis
57,computerscience
57,mathematics
57,statistics
57,tableau
57,visualization
58,analysis
58,communication
58,machinelearning
58,python
58,rrrr
58,sql
58,statistics
58,tableau
58,visualization
59,analysis
59,communication
59,machinelearning
59,projectmanagement
60,analysis
60,azure
60,python
60,rrrr
60,sas
60,sql
60,statistics
60,visualization
43,analysis
43,aws
43,computerscience
43,cplusplus
43,deeplearning
43,java
43,machinelearning
43,mathematics
43,python
43,pytorch
43,rrrr
43,scala
43,scikitlearn
43,sql
43,statistics
43,tensorflow
43,visualization
61,analysis
61,computerscience
61,cplusplus
61,machinelearning
61,python
61,rrrr
61,sql
62,analysis
62,communication
62,computerscience
62,dataengineering
62,git
62,java
62,machinelearning
62,mathematics
62,matlab
62,python
62,rrrr
62,sas
62,softwaredevelopment
62,softwareengineering
62,tableau
63,analysis
63,computerscience
63,linux
63,machinelearning
63,python
63,softwaredevelopment
63,statistics
64,communication
64,sql
64,visualization
65,aws
65,azure
65,computerscience
65,hadoop
65,linux
65,machinelearning
65,python
65,rrrr
65,softwaredevelopment
65,spark
66,analysis
66,deeplearning
66,mathematics
66,statistics
66,visualization
67,azure
67,communication
67,computerscience
67,cplusplus
67,csharp
67,machinelearning
67,sql
67,statistics
68,analysis
68,communication
68,computerscience
68,machinelearning
68,matlab
68,python
68,rrrr
68,scala
68,statistics
69,analysis
69,aws
69,azure
69,computerscience
69,machinelearning
69,mathematics
69,python
69,rrrr
69,sql
69,statistics
69,tableau
69,visualization
70,analysis
70,computerscience
70,machinelearning
70,mathematics
70,python
70,spark
70,sql
70,tableau
70,visualization
71,analysis
71,communication
71,computerscience
71,machinelearning
71,mathematics
71,python
71,sql
71,tableau
71,visualization
72,analysis
72,dataengineering
72,deeplearning
72,hadoop
72,nlp
72,numpy
72,pandas
72,python
72,pytorch
72,rrrr
72,sas
72,spark
72,spss
72,sql
72,statistics
72,tensorflow
73,aws
73,azure
73,communication
73,cplusplus
73,csharp
73,excel
73,java
73,mathematics
73,python
73,rrrr
73,sas
73,sql
73,statistics
74,analysis
74,computerscience
74,machinelearning
74,mathematics
74,python
74,spark
74,sql
74,tableau
74,visualization
75,aws
75,azure
75,communication
75,cplusplus
75,csharp
75,excel
75,java
75,mathematics
75,python
75,rrrr
75,sas
75,sql
75,statistics
76,analysis
76,communication
76,excel
76,python
76,rrrr
76,softwareengineering
76,sql
76,visualization
77,communication
77,computerscience
77,deeplearning
77,machinelearning
77,mathematics
77,neuralnetworks
77,nlp
77,python
77,statistics
78,analysis
78,cassandra
78,communication
78,hadoop
78,java
78,machinelearning
78,matlab
78,rrrr
78,sas
78,statistics
78,visualization
79,analysis
79,aws
79,computerscience
79,cplusplus
79,deeplearning
79,java
79,machinelearning
79,mathematics
79,python
79,pytorch
79,rrrr
79,scala
79,scikitlearn
79,sql
79,statistics
79,tensorflow
79,visualization
80,computerscience
80,deeplearning
80,machinelearning
80,neuralnetworks
45,analysis
45,communication
45,excel
45,python
45,rrrr
45,sql
45,visualization
81,analysis
81,communication
81,machinelearning
81,nlp
81,python
82,analysis
82,communication
82,computerscience
82,cplusplus
82,dataengineering
82,excel
82,git
82,machinelearning
82,mathematics
82,python
82,rrrr
82,softwaredevelopment
82,softwareengineering
82,tableau
83,analysis
83,communication
83,computerscience
83,hadoop
83,machinelearning
83,mathematics
83,python
83,sas
83,statistics
83,visualization
84,analysis
84,aws
84,hadoop
84,javascript
84,mathematics
84,python
84,rrrr
84,sas
84,spark
84,spss
84,sql
84,statistics
84,tableau
84,visualization
85,analysis
85,caffe
85,cassandra
85,deeplearning
85,hadoop
85,hive
85,machinelearning
85,nosql
85,python
85,rrrr
85,scikitlearn
85,softwaredevelopment
85,spark
85,sql
85,statistics
85,tensorflow
86,deeplearning
86,machinelearning
86,softwareengineering
87,analysis
87,communication
87,computerscience
87,dataengineering
87,deeplearning
87,machinelearning
87,mathematics
87,python
87,spark
87,statistics
88,analysis
88,communication
88,java
88,machinelearning
88,python
88,scala
88,scikitlearn
88,spark
88,sql
88,statistics
88,tensorflow
89,deeplearning
89,machinelearning
89,softwareengineering
90,analysis
90,communication
90,computerscience
90,dataengineering
90,deeplearning
90,machinelearning
90,mathematics
90,python
90,spark
90,statistics
46,analysis
46,communication
46,java
46,machinelearning
46,python
46,scala
46,scikitlearn
46,spark
46,sql
46,statistics
46,tensorflow
91,analysis
91,communication
91,git
91,hive
91,java
91,machinelearning
91,mathematics
91,rrrr
91,scala
91,softwaredevelopment
91,softwareengineering
91,spark
91,visualization
92,analysis
92,computerscience
92,excel
92,mathematics
92,projectmanagement
93,communication
94,computerscience
94,deeplearning
94,machinelearning
94,mathematics
95,computerscience
95,deeplearning
95,hadoop
95,hive
95,keras
95,machinelearning
95,mathematics
95,nosql
95,python
95,pytorch
95,spark
95,sql
95,tableau
96,analysis
96,communication
96,computerscience
96,mathematics
96,python
96,rrrr
96,sql
96,statistics
96,tableau
97,analysis
97,computerscience
97,dataengineering
97,excel
97,sql
97,tableau
98,analysis
98,communication
98,computerscience
98,dataengineering
98,excel
98,statistics
99,communication
99,mathematics
99,sql
99,tableau
100,aws
100,azure
100,computerscience
100,dataengineering
100,keras
100,machinelearning
100,python
100,pytorch
100,scikitlearn
100,softwaredevelopment
100,sql
100,tensorflow
47,analysis
47,deeplearning
47,machinelearning
47,mathematics
47,matlab
47,numpy
47,python
47,rrrr
47,scikitlearn
47,sql
47,statistics
47,visualization
101,analysis
101,communication
101,computerscience
101,excel
101,nlp
101,python
101,sql
101,statistics
101,tableau
101,visualization
102,analysis
102,computerscience
102,mathematics
102,python
102,rrrr
102,sas
102,statistics
102,tableau
103,analysis
103,computerscience
103,excel
103,machinelearning
103,mathematics
103,matlab
103,nlp
103,python
103,rrrr
103,sql
103,statistics
103,visualization
104,analysis
104,computerscience
104,mathematics
104,python
104,rrrr
104,sas
104,statistics
104,tableau
105,analysis
105,computerscience
105,excel
105,machinelearning
105,mathematics
105,matlab
105,nlp
105,python
105,rrrr
105,sql
105,statistics
105,visualization
106,python
106,tableau
107,analysis
107,statistics
108,analysis
108,azure
108,computerscience
108,deeplearning
108,excel
108,hive
108,machinelearning
108,mathematics
108,python
108,rrrr
108,spark
108,sql
108,statistics
108,visualization
109,communication
110,analysis
110,communication
110,computerscience
110,excel
110,machinelearning
110,mathematics
110,projectmanagement
110,python
110,rrrr
110,sas
110,sql
110,statistics
110,tableau
110,visualization
48,aws
48,azure
48,deeplearning
48,java
48,javascript
48,machinelearning
48,mathematics
48,nlp
48,python
48,rrrr
48,spark
48,sql
48,statistics
111,analysis
111,computerscience
111,docker
111,machinelearning
111,numpy
111,pandas
111,python
111,softwareengineering
111,sql
111,statistics
112,analysis
112,computerscience
112,dataengineering
112,machinelearning
112,mathematics
112,neuralnetworks
112,python
112,rrrr
112,sql
112,statistics
112,visualization
113,analysis
113,azure
113,communication
113,computerscience
113,hadoop
113,java
113,keras
113,machinelearning
113,neuralnetworks
113,python
113,pytorch
113,scala
113,scikitlearn
113,spark
113,tableau
113,tensorflow
114,analysis
114,azure
114,python
114,rrrr
114,sas
114,sql
114,statistics
114,visualization
115,analysis
115,communication
115,excel
115,rrrr
115,sas
115,statistics
116,analysis
117,analysis
117,computerscience
117,machinelearning
117,matlab
117,nosql
117,python
117,rrrr
117,sas
117,sql
117,statistics
117,visualization
118,analysis
118,communication
118,rrrr
118,sas
118,sql
118,tableau
119,linux
119,visualization
120,analysis
120,aws
120,computerscience
120,dataengineering
120,excel
120,sql
120,statistics
121,analysis
121,aws
121,azure
121,computerscience
121,dataengineering
121,excel
121,mathematics
121,python
121,softwaredevelopment
122,aws
122,computerscience
122,spark
123,analysis
123,communication
123,rrrr
123,sas
123,sql
123,tableau
124,analysis
124,communication
124,excel
124,sql
124,visualization
125,aws
125,communication
125,computerscience
125,hadoop
125,java
125,keras
125,machinelearning
125,mathematics
125,python
125,pytorch
125,rrrr
125,statistics
127,analysis
127,communication
127,sas
127,sql
127,statistics
127,tableau
127,visualization
128,analysis
128,communication
128,computerscience
128,excel
128,javascript
128,projectmanagement
128,python
128,rrrr
128,sql
128,statistics
128,visualization
129,analysis
129,computerscience
129,excel
129,mathematics
129,projectmanagement
130,analysis
130,computerscience
130,deeplearning
130,git
130,machinelearning
130,numpy
130,pandas
130,python
130,scikitlearn
130,softwaredevelopment
130,sql
130,statistics
131,analysis
131,excel
131,machinelearning
131,mathematics
131,python
131,rrrr
131,sas
131,spss
131,sql
131,statistics
132,analysis
132,communication
132,excel
133,communication
133,machinelearning
133,softwaredevelopment
133,spark
135,analysis
135,computerscience
135,excel
135,machinelearning
135,mathematics
135,matlab
135,nlp
135,python
135,rrrr
135,sql
135,statistics
135,visualization
136,computerscience
136,deeplearning
136,machinelearning
136,mathematics
137,analysis
137,computerscience
137,machinelearning
137,mathematics
137,python
137,rrrr
137,sas
137,statistics
137,tableau
137,visualization
138,deeplearning
138,hadoop
138,hive
138,mysql
138,pandas
138,python
138,rrrr
138,sas
138,scikitlearn
138,spark
138,sql
138,statistics
138,tableau
138,tensorflow
138,visualization
139,communication
139,machinelearning
139,sql
140,aws
140,excel
140,sql
140,tableau
