Listings_Id,Company_Id,Job_Title,Job_Level,City,State
454,152,Data Scientist,NA,NA,NA
455,153,Data Scientist,Intern,Atlanta,GA
456,154,Data Scientist,Middle,Atlanta,GA
457,155,Data Scientist,Middle,Atlanta,GA
458,156,Data Scientist,Middle,Atlanta,GA
459,157,Data Scientist,Middle,Atlanta,GA
460,158,Data Scientist,Middle,Atlanta,GA
461,159,Data Scientist,Senior,Atlanta,GA
462,160,Data Scientist,Middle,Atlanta,GA
463,161,Data Scientist,Senior,Atlanta,GA
464,162,Data Scientist,Middle,Atlanta,GA
465,163,Data Scientist,Middle,Atlanta,GA
466,164,Data Scientist,Junior,Atlanta,GA
467,165,Data Scientist,Middle,Alpharetta,GA
468,166,Data Scientist,Middle,Atlanta,GA
469,167,Data Scientist,Middle,Atlanta,GA
470,168,Data Scientist,Middle,Atlanta,GA
471,169,Data Scientist,Middle,Atlanta,GA
472,170,Data Scientist,Middle,Atlanta,GA
473,171,Data Scientist,Middle,Atlanta,GA
474,172,Data Scientist,Middle,Atlanta,GA
475,173,Data Scientist,Junior,Atlanta,GA
476,174,Data Scientist,Senior,Atlanta,GA
477,175,Data Scientist,Middle,Sandy Springs,GA
478,176,Data Scientist,Middle,Atlanta,GA
479,177,Data Scientist,Middle,Alpharetta,GA
480,178,Data Scientist,Senior,Atlanta,GA
481,179,Data Scientist,Senior,Atlanta,GA
482,180,Data Scientist,Middle,Atlanta,GA
483,181,Data Scientist,Senior,Atlanta,GA
484,182,Data Scientist,Intern,Atlanta,GA
485,183,Data Scientist,Senior,Atlanta,GA
486,184,Data Scientist,Intern,Atlanta,GA
487,185,Data Scientist,Middle,Atlanta,GA
488,186,Data Scientist,Senior,Smyrna,GA
489,187,Data Scientist,Senior,Atlanta,GA
490,188,Data Scientist,Middle,Atlanta,GA
491,189,Data Scientist,Senior,Atlanta,GA
492,190,Data Scientist,Middle,Doraville,GA
493,191,Data Scientist,Middle,Atlanta,GA
494,192,Data Scientist,Senior,Atlanta,GA
495,193,Data Scientist,Senior,Atlanta,GA
496,194,Data Scientist,Middle,Atlanta,GA
497,195,Data Scientist,Middle,Atlanta,GA
498,196,Data Scientist,Senior,Atlanta,GA
499,197,Data Scientist,Middle,Atlanta,GA
500,198,Data Scientist,Middle,Atlanta,GA
501,199,Data Scientist,Senior,Atlanta,GA
502,200,Data Scientist,Middle,Atlanta,GA
503,201,Data Scientist,Middle,Alpharetta,GA
504,202,Data Scientist,Senior,Atlanta,GA
505,203,Data Scientist,Middle,Peachtree Corners,GA
506,204,Data Scientist,Senior,Atlanta,GA
507,205,Data Scientist,Senior,Atlanta,GA
508,206,Data Scientist,Middle,Atlanta,GA
509,207,Data Scientist,Middle,Atlanta,GA
510,208,Data Scientist,NA,Atlanta,GA
511,209,Data Scientist,Middle,Atlanta,GA
512,210,Data Scientist,Middle,Atlanta,GA
513,211,Data Scientist,Intern,Atlanta,GA
514,212,Data Scientist,Middle,Atlanta,GA
515,213,Data Scientist,Intern,Atlanta,GA
516,214,Data Scientist,Middle,Atlanta,GA
517,215,Data Scientist,Middle,Atlanta,GA
518,216,Data Scientist,Senior,Atlanta,GA
519,217,Data Scientist,Middle,Atlanta,GA
520,218,Data Scientist,Senior,Atlanta,GA
521,219,Data Scientist,NA,Atlanta,GA
522,220,Data Scientist,Middle,Atlanta,GA
523,221,Data Scientist,Senior,Atlanta,GA
524,222,Data Scientist,Senior,Atlanta,GA
525,223,Data Scientist,Middle,Atlanta,GA
526,224,Data Scientist,NA,Atlanta,GA
527,225,Data Scientist,Middle,Atlanta,GA
528,226,Data Scientist,Middle,Atlanta,GA
529,227,Data Scientist,Senior,Atlanta,GA
530,228,Data Scientist,Middle,Norcross,GA
531,229,Data Scientist,Senior,Atlanta,GA
532,230,Data Scientist,Middle,Atlanta,GA
533,231,Data Scientist,Middle,Atlanta,GA
534,232,Data Scientist,Senior,Atlanta,GA
535,233,Data Scientist,Middle,Atlanta,GA
536,234,Data Scientist,Middle,Alpharetta,GA
537,235,Data Scientist,Middle,Atlanta,GA
538,236,Data Scientist,Middle,Atlanta,GA
539,237,Data Scientist,Middle,Atlanta,GA
540,238,Data Scientist,Middle,Alpharetta,GA
541,239,Data Scientist,Middle,Atlanta,GA
542,240,Data Scientist,Senior,Atlanta,GA
543,241,Data Scientist,Middle,Doraville,GA
544,242,Data Scientist,Senior,Atlanta,GA
545,243,Data Scientist,Middle,Atlanta,GA
546,244,Data Scientist,Senior,Atlanta,GA
547,245,Data Scientist,Middle,Atlanta,GA
548,246,Data Scientist,Middle,Atlanta,GA
549,247,Data Scientist,Middle,Atlanta,GA
550,248,Data Scientist,Senior,Atlanta,GA
551,249,Data Scientist,Middle,Atlanta,GA
552,250,Data Scientist,Middle,Atlanta,GA
553,251,Data Scientist,Middle,Atlanta,GA
554,252,Data Scientist,Middle,Norcross,GA
555,253,Data Scientist,Senior,Atlanta,GA
556,254,Data Scientist,NA,Atlanta,GA
557,255,Data Scientist,Middle,Atlanta,GA
558,256,Data Scientist,Senior,Alpharetta,GA
559,257,Data Scientist,Middle,Atlanta,GA
560,258,Data Scientist,Middle,Atlanta,GA
561,259,Data Scientist,Senior,Atlanta,GA
562,260,Data Scientist,Middle,Atlanta,GA
563,261,Data Scientist,Middle,Atlanta,GA
564,262,Data Scientist,NA,Dunwoody,GA
565,263,Data Scientist,NA,Atlanta,GA
566,264,Data Scientist,Middle,Atlanta,GA
567,265,Data Scientist,Senior,Atlanta,GA
568,266,Data Scientist,Senior,Alpharetta,GA
569,267,Data Scientist,Middle,Atlanta,GA
570,268,Data Scientist,NA,Atlanta,GA
571,269,Data Scientist,Senior,Atlanta,GA
572,270,Data Scientist,Middle,Atlanta,GA
573,271,Data Scientist,Middle,Atlanta,GA
574,272,Data Scientist,Middle,Atlanta,GA
575,273,Data Scientist,Middle,Atlanta,GA
576,274,Data Scientist,Senior,Atlanta,GA
577,275,Data Scientist,Middle,Alpharetta,GA
578,276,Data Scientist,NA,Atlanta,GA
579,277,Data Scientist,Senior,Atlanta,GA
580,278,Data Scientist,Middle,Atlanta,GA
581,279,Data Scientist,Senior,Atlanta,GA
582,280,Data Scientist,Middle,Atlanta,GA
583,281,Data Scientist,Senior,Conyers,GA
584,282,Data Scientist,Middle,Atlanta,GA
585,283,Data Scientist,NA,Atlanta,GA
586,284,Data Scientist,Middle,Atlanta,GA
587,285,Data Scientist,Middle,Atlanta,GA
588,286,Data Scientist,Middle,Atlanta,GA
589,287,Data Scientist,Middle,Atlanta,GA
590,288,Data Scientist,Middle,Atlanta,GA
591,289,Data Scientist,Senior,Atlanta,GA
592,290,Data Scientist,NA,Atlanta,GA
593,291,Data Scientist,Middle,Atlanta,GA
594,292,Data Scientist,Senior,Atlanta,GA
595,293,Data Scientist,Middle,Atlanta,GA
596,294,Data Scientist,Senior,Atlanta,GA
597,295,Data Scientist,Middle,Atlanta,GA
598,296,Data Scientist,NA,Atlanta,GA
599,297,Data Scientist,Middle,Atlanta,GA
600,298,Data Scientist,Middle,Roswell,GA
601,299,Data Scientist,Middle,Atlanta,GA
602,300,Data Scientist,Middle,Atlanta,GA
603,301,Data Scientist,Middle,Alpharetta,GA
604,302,Data Scientist,Middle,Atlanta,GA
